2023-06-15T00:11:20.815497-05:00,.StatusItems.management.declarations.assets,eyJyZWFzb25zIjpbeyJkZXRhaWxzIjp7IklkZW50aWZpZXIiOiIwNjY0RDY1Ri1GNjcxLTRBRUItQjAzNy01QkRCMTQxQTVBOTUiLCJTZXJ2ZXJUb2tlbiI6IjI2NDY4OTkzMWY5ZGY2NjQifSwiZGVzY3JpcHRpb24iOiJBc3NldCDigJwwNjY0RDY1Ri1GNjcxLTRBRUItQjAzNy01QkRCMTQxQTVBOTU6MjY0Njg5OTMxZjlkZjY2NOKAnSBpcyBub3QgcmVmZXJlbmNlZCBieSBhIGNvbmZpZ3VyYXRpb24uIiwiY29kZSI6IkluZm8uTm90UmVmZXJlbmNlZEJ5Q29uZmlndXJhdGlvbiJ9XSwiYWN0aXZlIjpmYWxzZSwiaWRlbnRpZmllciI6IjA2NjRENjVGLUY2NzEtNEFFQi1CMDM3LTVCREIxNDFBNUE5NSIsInZhbGlkIjoidW5rbm93biIsInNlcnZlci10b2tlbiI6IjI2NDY4OTkzMWY5ZGY2NjQifQ==
2023-06-15T00:30:07.782157-05:00,.StatusItems.management.declarations.configurations,eyJyZWFzb25zIjpbeyJkZXRhaWxzIjp7IklkZW50aWZpZXIiOiJhY21lLWNvbmZpZyIsIlNlcnZlclRva2VuIjoiZTE3YjJiNzg1ODc5Yzk0MSJ9LCJkZXNjcmlwdGlvbiI6IkNvbmZpZ3VyYXRpb24g4oCcYWNtZS1jb25maWc6ZTE3YjJiNzg1ODc5Yzk0MeKAnSBpcyBub3QgcmVmZXJlbmNlZCBieSBhbiBhY3RpdmF0aW9uLiIsImNvZGUiOiJJbmZvLk5vdFJlZmVyZW5jZWRCeUFjdGl2YXRpb24ifV0sImFjdGl2ZSI6ZmFsc2UsImlkZW50aWZpZXIiOiJhY21lLWNvbmZpZyIsInZhbGlkIjoidW5rbm93biIsInNlcnZlci10b2tlbiI6ImUxN2IyYjc4NTg3OWM5NDEifQ==
2023-06-15T00:34:04.971111-05:00,.StatusItems.management.declarations.configurations,eyJyZWFzb25zIjpbeyJkZXRhaWxzIjp7IklkZW50aWZpZXIiOiJhY21lLWFjdGl2YXRpb24iLCJTZXJ2ZXJUb2tlbiI6Ijc5MGNhMDg2ZjZkNzA5MGQifSwiZGVzY3JpcHRpb24iOiJBY3RpdmF0aW9uIOKAnGFjbWUtYWN0aXZhdGlvbjo3OTBjYTA4NmY2ZDcwOTBk4oCdIGhhcyBlcnJvcnMuIiwiY29kZSI6IkVycm9yLkFjdGl2YXRpb25GYWlsZWQifV0sImFjdGl2ZSI6ZmFsc2UsImlkZW50aWZpZXIiOiJhY21lLWNvbmZpZyIsInZhbGlkIjoidW5rbm93biIsInNlcnZlci10b2tlbiI6ImUxN2IyYjc4NTg3OWM5NDEifQ==
2023-06-15T00:41:12.354061-05:00,.StatusItems.management.declarations.configurations,eyJyZWFzb25zIjpbeyJkZXRhaWxzIjp7IklkZW50aWZpZXIiOiJhY21lLWFjdGl2YXRpb24iLCJTZXJ2ZXJUb2tlbiI6Ijc5MGNhMDg2ZjZkNzA5MGQifSwiZGVzY3JpcHRpb24iOiJBY3RpdmF0aW9uIOKAnGFjbWUtYWN0aXZhdGlvbjo3OTBjYTA4NmY2ZDcwOTBk4oCdIGhhcyBlcnJvcnMuIiwiY29kZSI6IkVycm9yLkFjdGl2YXRpb25GYWlsZWQifV0sImFjdGl2ZSI6ZmFsc2UsImlkZW50aWZpZXIiOiJhY21lLWNvbmZpZyIsInZhbGlkIjoidW5rbm93biIsInNlcnZlci10b2tlbiI6ImUxN2IyYjc4NTg3OWM5NDEifQ==
2023-06-15T00:41:12.354061-05:00,.StatusItems.management.declarations.assets,eyJyZWFzb25zIjpbeyJkZXRhaWxzIjp7IklkZW50aWZpZXIiOiJhY21lMDEiLCJTZXJ2ZXJUb2tlbiI6ImQ3NGQ2MmJhYWZmZDY1ODYifSwiZGVzY3JpcHRpb24iOiJBc3NldCAoYWNtZTAxOmQ3NGQ2MmJhYWZmZDY1ODYpIGhhcyBhbiBpbnZhbGlkIHBheWxvYWQuIiwiY29kZSI6IkVycm9yLkludmFsaWRQYXlsb2FkIn1dLCJhY3RpdmUiOmZhbHNlLCJpZGVudGlmaWVyIjoiYWNtZTAxIiwidmFsaWQiOiJpbnZhbGlkIiwic2VydmVyLXRva2VuIjoiZDc0ZDYyYmFhZmZkNjU4NiJ9
2023-06-15T00:42:07.281999-05:00,.StatusItems.management.declarations.configurations,eyJyZWFzb25zIjpbeyJkZXRhaWxzIjp7IklkZW50aWZpZXIiOiJhY21lLWFjdGl2YXRpb24iLCJTZXJ2ZXJUb2tlbiI6Ijc5MGNhMDg2ZjZkNzA5MGQifSwiZGVzY3JpcHRpb24iOiJBY3RpdmF0aW9uIOKAnGFjbWUtYWN0aXZhdGlvbjo3OTBjYTA4NmY2ZDcwOTBk4oCdIGhhcyBlcnJvcnMuIiwiY29kZSI6IkVycm9yLkFjdGl2YXRpb25GYWlsZWQifV0sImFjdGl2ZSI6ZmFsc2UsImlkZW50aWZpZXIiOiJhY21lLWNvbmZpZyIsInZhbGlkIjoidW5rbm93biIsInNlcnZlci10b2tlbiI6ImUxN2IyYjc4NTg3OWM5NDEifQ==
2023-06-15T00:45:24.45935-05:00,.StatusItems.management.declarations.configurations,eyJyZWFzb25zIjpbeyJkZXRhaWxzIjp7IklkZW50aWZpZXIiOiJhY21lLWFjdGl2YXRpb24iLCJTZXJ2ZXJUb2tlbiI6Ijc5MGNhMDg2ZjZkNzA5MGQifSwiZGVzY3JpcHRpb24iOiJBY3RpdmF0aW9uIOKAnGFjbWUtYWN0aXZhdGlvbjo3OTBjYTA4NmY2ZDcwOTBk4oCdIGhhcyBlcnJvcnMuIiwiY29kZSI6IkVycm9yLkFjdGl2YXRpb25GYWlsZWQifV0sImFjdGl2ZSI6ZmFsc2UsImlkZW50aWZpZXIiOiJhY21lLWNvbmZpZyIsInZhbGlkIjoidW5rbm93biIsInNlcnZlci10b2tlbiI6ImUxN2IyYjc4NTg3OWM5NDEifQ==
2023-06-15T00:45:24.45935-05:00,.StatusItems.management.declarations.assets,eyJyZWFzb25zIjpbeyJkZXRhaWxzIjp7IklkZW50aWZpZXIiOiJhY21lMDEiLCJTZXJ2ZXJUb2tlbiI6IjA2ZTQ2Zjg1YWJjZDg3NTkifSwiZGVzY3JpcHRpb24iOiJBc3NldCAoYWNtZTAxOjA2ZTQ2Zjg1YWJjZDg3NTkpIGhhcyBhbiBpbnZhbGlkIHBheWxvYWQuIiwiY29kZSI6IkVycm9yLkludmFsaWRQYXlsb2FkIn1dLCJhY3RpdmUiOmZhbHNlLCJpZGVudGlmaWVyIjoiYWNtZTAxIiwidmFsaWQiOiJpbnZhbGlkIiwic2VydmVyLXRva2VuIjoiMDZlNDZmODVhYmNkODc1OSJ9
2023-06-15T00:46:28.243599-05:00,.StatusItems.management.declarations.configurations,eyJyZWFzb25zIjpbeyJkZXRhaWxzIjp7IklkZW50aWZpZXIiOiJhY21lLWFjdGl2YXRpb24iLCJTZXJ2ZXJUb2tlbiI6Ijc5MGNhMDg2ZjZkNzA5MGQifSwiZGVzY3JpcHRpb24iOiJBY3RpdmF0aW9uIOKAnGFjbWUtYWN0aXZhdGlvbjo3OTBjYTA4NmY2ZDcwOTBk4oCdIGhhcyBlcnJvcnMuIiwiY29kZSI6IkVycm9yLkFjdGl2YXRpb25GYWlsZWQifV0sImFjdGl2ZSI6ZmFsc2UsImlkZW50aWZpZXIiOiJhY21lLWNvbmZpZyIsInZhbGlkIjoidW5rbm93biIsInNlcnZlci10b2tlbiI6ImUxN2IyYjc4NTg3OWM5NDEifQ==
2023-06-15T00:58:21.392421-05:00,.StatusItems.management.declarations.configurations,eyJyZWFzb25zIjpbeyJkZXRhaWxzIjp7IklkZW50aWZpZXIiOiJhY21lLWFjdGl2YXRpb24iLCJTZXJ2ZXJUb2tlbiI6Ijc5MGNhMDg2ZjZkNzA5MGQifSwiZGVzY3JpcHRpb24iOiJBY3RpdmF0aW9uIOKAnGFjbWUtYWN0aXZhdGlvbjo3OTBjYTA4NmY2ZDcwOTBk4oCdIGhhcyBlcnJvcnMuIiwiY29kZSI6IkVycm9yLkFjdGl2YXRpb25GYWlsZWQifV0sImFjdGl2ZSI6ZmFsc2UsImlkZW50aWZpZXIiOiJhY21lLWNvbmZpZyIsInZhbGlkIjoidW5rbm93biIsInNlcnZlci10b2tlbiI6ImUxN2IyYjc4NTg3OWM5NDEifQ==
2023-06-15T01:13:14.245579-05:00,.StatusItems.management.declarations.configurations,eyJyZWFzb25zIjpbeyJkZXRhaWxzIjp7IklkZW50aWZpZXIiOiJhY21lLWFjdGl2YXRpb24iLCJTZXJ2ZXJUb2tlbiI6Ijc5MGNhMDg2ZjZkNzA5MGQifSwiZGVzY3JpcHRpb24iOiJBY3RpdmF0aW9uIOKAnGFjbWUtYWN0aXZhdGlvbjo3OTBjYTA4NmY2ZDcwOTBk4oCdIGhhcyBlcnJvcnMuIiwiY29kZSI6IkVycm9yLkFjdGl2YXRpb25GYWlsZWQifV0sImFjdGl2ZSI6ZmFsc2UsImlkZW50aWZpZXIiOiJhY21lLWNvbmZpZyIsInZhbGlkIjoidW5rbm93biIsInNlcnZlci10b2tlbiI6ImUxN2IyYjc4NTg3OWM5NDEifQ==
2023-06-15T01:14:11.691797-05:00,.StatusItems.management.declarations.configurations,eyJyZWFzb25zIjpbeyJkZXRhaWxzIjp7IklkZW50aWZpZXIiOiJhY21lLWFjdGl2YXRpb24iLCJTZXJ2ZXJUb2tlbiI6Ijc5MGNhMDg2ZjZkNzA5MGQifSwiZGVzY3JpcHRpb24iOiJBY3RpdmF0aW9uIOKAnGFjbWUtYWN0aXZhdGlvbjo3OTBjYTA4NmY2ZDcwOTBk4oCdIGhhcyBlcnJvcnMuIiwiY29kZSI6IkVycm9yLkFjdGl2YXRpb25GYWlsZWQifV0sImFjdGl2ZSI6ZmFsc2UsImlkZW50aWZpZXIiOiJhY21lLWNvbmZpZyIsInZhbGlkIjoidW5rbm93biIsInNlcnZlci10b2tlbiI6ImUxN2IyYjc4NTg3OWM5NDEifQ==
2023-06-15T01:14:11.691797-05:00,.StatusItems.management.declarations.assets,eyJyZWFzb25zIjpbeyJkZXRhaWxzIjp7IklkZW50aWZpZXIiOiJhY21lMDEiLCJTZXJ2ZXJUb2tlbiI6IjJkN2ZjZTUwYTIzMjY3ZGIifSwiZGVzY3JpcHRpb24iOiJBc3NldCAoYWNtZTAxOjJkN2ZjZTUwYTIzMjY3ZGIpIGhhcyBhbiBpbnZhbGlkIHBheWxvYWQuIiwiY29kZSI6IkVycm9yLkludmFsaWRQYXlsb2FkIn1dLCJhY3RpdmUiOmZhbHNlLCJpZGVudGlmaWVyIjoiYWNtZTAxIiwidmFsaWQiOiJpbnZhbGlkIiwic2VydmVyLXRva2VuIjoiMmQ3ZmNlNTBhMjMyNjdkYiJ9
2023-06-15T01:16:27.871201-05:00,.StatusItems.management.declarations.configurations,eyJyZWFzb25zIjpbeyJkZXRhaWxzIjp7IklkZW50aWZpZXIiOiJhY21lLWFjdGl2YXRpb24iLCJTZXJ2ZXJUb2tlbiI6Ijc5MGNhMDg2ZjZkNzA5MGQifSwiZGVzY3JpcHRpb24iOiJBY3RpdmF0aW9uIOKAnGFjbWUtYWN0aXZhdGlvbjo3OTBjYTA4NmY2ZDcwOTBk4oCdIGhhcyBlcnJvcnMuIiwiY29kZSI6IkVycm9yLkFjdGl2YXRpb25GYWlsZWQifV0sImFjdGl2ZSI6ZmFsc2UsImlkZW50aWZpZXIiOiJhY21lLWNvbmZpZyIsInZhbGlkIjoidW5rbm93biIsInNlcnZlci10b2tlbiI6ImUxN2IyYjc4NTg3OWM5NDEifQ==
2023-06-15T01:16:42.822134-05:00,.StatusItems.management.declarations.configurations,eyJyZWFzb25zIjpbeyJkZXRhaWxzIjp7IklkZW50aWZpZXIiOiJhY21lLWFjdGl2YXRpb24iLCJTZXJ2ZXJUb2tlbiI6Ijc5MGNhMDg2ZjZkNzA5MGQifSwiZGVzY3JpcHRpb24iOiJBY3RpdmF0aW9uIOKAnGFjbWUtYWN0aXZhdGlvbjo3OTBjYTA4NmY2ZDcwOTBk4oCdIGhhcyBlcnJvcnMuIiwiY29kZSI6IkVycm9yLkFjdGl2YXRpb25GYWlsZWQifV0sImFjdGl2ZSI6ZmFsc2UsImlkZW50aWZpZXIiOiJhY21lLWNvbmZpZyIsInZhbGlkIjoidW5rbm93biIsInNlcnZlci10b2tlbiI6ImUxN2IyYjc4NTg3OWM5NDEifQ==
2023-06-15T01:16:42.822134-05:00,.StatusItems.management.declarations.assets,eyJyZWFzb25zIjpbeyJkZXRhaWxzIjp7IklkZW50aWZpZXIiOiJhY21lLWNvbmZpZyIsIlNlcnZlclRva2VuIjoiZTE3YjJiNzg1ODc5Yzk0MSJ9LCJkZXNjcmlwdGlvbiI6IkNvbmZpZ3VyYXRpb24g4oCcYWNtZS1jb25maWc6ZTE3YjJiNzg1ODc5Yzk0MeKAnSBoYXMgZXJyb3JzLiIsImNvZGUiOiJFcnJvci5Db25maWd1cmF0aW9uRmFpbGVkIn1dLCJhY3RpdmUiOmZhbHNlLCJpZGVudGlmaWVyIjoiYWNtZTAxIiwidmFsaWQiOiJ1bmtub3duIiwic2VydmVyLXRva2VuIjoiOTZhOGNiZWRmMzJlMGYwNCJ9
2023-06-15T01:24:17.228049-05:00,.StatusItems.management.declarations.configurations,eyJyZWFzb25zIjpbeyJkZXRhaWxzIjp7IklkZW50aWZpZXIiOiJhY21lLWNvbmZpZyIsIlNlcnZlclRva2VuIjoiZTE3YjJiNzg1ODc5Yzk0MSJ9LCJkZXNjcmlwdGlvbiI6IkNvbmZpZ3VyYXRpb24g4oCcYWNtZS1jb25maWc6ZTE3YjJiNzg1ODc5Yzk0MeKAnSBpcyBub3QgcmVmZXJlbmNlZCBieSBhbiBhY3RpdmF0aW9uLiIsImNvZGUiOiJJbmZvLk5vdFJlZmVyZW5jZWRCeUFjdGl2YXRpb24ifV0sImFjdGl2ZSI6ZmFsc2UsImlkZW50aWZpZXIiOiJhY21lLWNvbmZpZyIsInZhbGlkIjoidW5rbm93biIsInNlcnZlci10b2tlbiI6ImUxN2IyYjc4NTg3OWM5NDEifQ==
2023-06-15T01:24:17.228049-05:00,.StatusItems.management.declarations.assets,eyJyZWFzb25zIjpbeyJkZXRhaWxzIjp7IklkZW50aWZpZXIiOiJhY21lLWNvbmZpZyIsIlNlcnZlclRva2VuIjoiZTE3YjJiNzg1ODc5Yzk0MSJ9LCJkZXNjcmlwdGlvbiI6IkNvbmZpZ3VyYXRpb24g4oCcYWNtZS1jb25maWc6ZTE3YjJiNzg1ODc5Yzk0MeKAnSBoYXMgZXJyb3JzLiIsImNvZGUiOiJFcnJvci5Db25maWd1cmF0aW9uRmFpbGVkIn1dLCJhY3RpdmUiOmZhbHNlLCJpZGVudGlmaWVyIjoiYWNtZTAxIiwidmFsaWQiOiJ1bmtub3duIiwic2VydmVyLXRva2VuIjoiOTZhOGNiZWRmMzJlMGYwNCJ9
2023-06-15T01:28:03.53329-05:00,.StatusItems.management.declarations.configurations,eyJyZWFzb25zIjpbeyJkZXRhaWxzIjp7IkVycm9yIjoiVGhlIG9wZXJhdGlvbiBjb3VsZG7igJl0IGJlIGNvbXBsZXRlZC4gKFNlY3VyaXR5U3Vic2NyaWJlci5TZWN1cml0eUFkYXB0ZXIuQWRhcHRlckVycm9yIGVycm9yIDIuKSJ9LCJkZXNjcmlwdGlvbiI6IkNvbmZpZ3VyYXRpb24gY2Fubm90IGJlIGFwcGxpZWQiLCJjb2RlIjoiRXJyb3IuQ29uZmlndXJhdGlvbkNhbm5vdEJlQXBwbGllZCJ9LHsiZGV0YWlscyI6eyJJZGVudGlmaWVyIjoiYWNtZS1jb25maWciLCJTZXJ2ZXJUb2tlbiI6ImUxN2IyYjc4NTg3OWM5NDEifSwiZGVzY3JpcHRpb24iOiJDb25maWd1cmF0aW9uIOKAnGFjbWUtY29uZmlnOmUxN2IyYjc4NTg3OWM5NDHigJ0gaXMgbm90IHJlZmVyZW5jZWQgYnkgYW4gYWN0aXZhdGlvbi4iLCJjb2RlIjoiSW5mby5Ob3RSZWZlcmVuY2VkQnlBY3RpdmF0aW9uIn1dLCJhY3RpdmUiOmZhbHNlLCJpZGVudGlmaWVyIjoiYWNtZS1jb25maWciLCJ2YWxpZCI6ImludmFsaWQiLCJzZXJ2ZXItdG9rZW4iOiJlMTdiMmI3ODU4NzljOTQxIn0=
2023-06-15T01:28:03.53329-05:00,.StatusItems.management.declarations.assets,eyJyZWFzb25zIjpbeyJkZXRhaWxzIjp7IkVycm9yIjoiVGhlIG9wZXJhdGlvbiBjb3VsZG7igJl0IGJlIGNvbXBsZXRlZC4gKFJlbW90ZU1hbmFnZW1lbnQuTUtFcnJvciBlcnJvciA1LikifSwiZGVzY3JpcHRpb24iOiJBc3NldCBjYW5ub3QgYmUgZG93bmxvYWRlZCIsImNvZGUiOiJFcnJvci5Bc3NldENhbm5vdEJlRG93bmxvYWRlZCJ9LHsiZGV0YWlscyI6eyJJZGVudGlmaWVyIjoiYWNtZS1jb25maWciLCJTZXJ2ZXJUb2tlbiI6ImUxN2IyYjc4NTg3OWM5NDEifSwiZGVzY3JpcHRpb24iOiJDb25maWd1cmF0aW9uIOKAnGFjbWUtY29uZmlnOmUxN2IyYjc4NTg3OWM5NDHigJ0gaGFzIGVycm9ycy4iLCJjb2RlIjoiRXJyb3IuQ29uZmlndXJhdGlvbkZhaWxlZCJ9XSwiYWN0aXZlIjpmYWxzZSwiaWRlbnRpZmllciI6ImFjbWUwMSIsInZhbGlkIjoiaW52YWxpZCIsInNlcnZlci10b2tlbiI6Ijk2YThjYmVkZjMyZTBmMDQifQ==
