2023-06-09T18:33:05.442995-05:00,.StatusItems.management.declarations.configurations,eyJyZWFzb25zIjpbeyJkZXRhaWxzIjp7IklkZW50aWZpZXIiOiJjb20uZXhhbXBsZS50ZXN0IiwiU2VydmVyVG9rZW4iOiI0NjE1MzM0ZmQ2MjYwY2FkIn0sImRlc2NyaXB0aW9uIjoiQ29uZmlndXJhdGlvbiDigJxjb20uZXhhbXBsZS50ZXN0OjQ2MTUzMzRmZDYyNjBjYWTigJ0gaXMgbm90IHJlZmVyZW5jZWQgYnkgYW4gYWN0aXZhdGlvbi4iLCJjb2RlIjoiSW5mby5Ob3RSZWZlcmVuY2VkQnlBY3RpdmF0aW9uIn1dLCJhY3RpdmUiOmZhbHNlLCJpZGVudGlmaWVyIjoiY29tLmV4YW1wbGUudGVzdCIsInZhbGlkIjoidW5rbm93biIsInNlcnZlci10b2tlbiI6IjQ2MTUzMzRmZDYyNjBjYWQifQ==
2023-06-15T09:57:36.087488-05:00,.StatusItems.management.declarations.configurations,eyJyZWFzb25zIjpbeyJkZXRhaWxzIjp7IklkZW50aWZpZXIiOiJjb20udG9tLnRlc3QiLCJTZXJ2ZXJUb2tlbiI6IjMzMjYyZmM1NzM0ODA0M2YifSwiZGVzY3JpcHRpb24iOiJDb25maWd1cmF0aW9uIOKAnGNvbS50b20udGVzdDozMzI2MmZjNTczNDgwNDNm4oCdIGlzIG5vdCByZWZlcmVuY2VkIGJ5IGFuIGFjdGl2YXRpb24uIiwiY29kZSI6IkluZm8uTm90UmVmZXJlbmNlZEJ5QWN0aXZhdGlvbiJ9XSwiYWN0aXZlIjpmYWxzZSwiaWRlbnRpZmllciI6ImNvbS50b20udGVzdCIsInZhbGlkIjoidW5rbm93biIsInNlcnZlci10b2tlbiI6IjMzMjYyZmM1NzM0ODA0M2YifQ==
2023-06-15T09:57:43.480473-05:00,.StatusItems.management.declarations.configurations,eyJyZWFzb25zIjpbeyJkZXRhaWxzIjp7IklkZW50aWZpZXIiOiJjb20udG9tLnRlc3QiLCJTZXJ2ZXJUb2tlbiI6IjMzMjYyZmM1NzM0ODA0M2YifSwiZGVzY3JpcHRpb24iOiJDb25maWd1cmF0aW9uIOKAnGNvbS50b20udGVzdDozMzI2MmZjNTczNDgwNDNm4oCdIGlzIG5vdCByZWZlcmVuY2VkIGJ5IGFuIGFjdGl2YXRpb24uIiwiY29kZSI6IkluZm8uTm90UmVmZXJlbmNlZEJ5QWN0aXZhdGlvbiJ9XSwiYWN0aXZlIjpmYWxzZSwiaWRlbnRpZmllciI6ImNvbS50b20udGVzdCIsInZhbGlkIjoidW5rbm93biIsInNlcnZlci10b2tlbiI6IjMzMjYyZmM1NzM0ODA0M2YifQ==
2023-06-15T10:16:14.686696-05:00,.StatusItems.management.declarations.configurations,eyJyZWFzb25zIjpbeyJkZXRhaWxzIjp7IklkZW50aWZpZXIiOiJjb20udG9tLnRlc3QiLCJTZXJ2ZXJUb2tlbiI6IjMzMjYyZmM1NzM0ODA0M2YifSwiZGVzY3JpcHRpb24iOiJDb25maWd1cmF0aW9uIOKAnGNvbS50b20udGVzdDozMzI2MmZjNTczNDgwNDNm4oCdIGlzIG5vdCByZWZlcmVuY2VkIGJ5IGFuIGFjdGl2YXRpb24uIiwiY29kZSI6IkluZm8uTm90UmVmZXJlbmNlZEJ5QWN0aXZhdGlvbiJ9XSwiYWN0aXZlIjpmYWxzZSwiaWRlbnRpZmllciI6ImNvbS50b20udGVzdCIsInZhbGlkIjoidW5rbm93biIsInNlcnZlci10b2tlbiI6IjMzMjYyZmM1NzM0ODA0M2YifQ==
2023-06-15T10:17:28.680295-05:00,.StatusItems.management.declarations.configurations,eyJyZWFzb25zIjpbeyJkZXRhaWxzIjp7IklkZW50aWZpZXIiOiJjb20udG9tLnRlc3QiLCJTZXJ2ZXJUb2tlbiI6IjMzMjYyZmM1NzM0ODA0M2YifSwiZGVzY3JpcHRpb24iOiJDb25maWd1cmF0aW9uIOKAnGNvbS50b20udGVzdDozMzI2MmZjNTczNDgwNDNm4oCdIGlzIG5vdCByZWZlcmVuY2VkIGJ5IGFuIGFjdGl2YXRpb24uIiwiY29kZSI6IkluZm8uTm90UmVmZXJlbmNlZEJ5QWN0aXZhdGlvbiJ9XSwiYWN0aXZlIjpmYWxzZSwiaWRlbnRpZmllciI6ImNvbS50b20udGVzdCIsInZhbGlkIjoidW5rbm93biIsInNlcnZlci10b2tlbiI6IjMzMjYyZmM1NzM0ODA0M2YifQ==
2023-06-15T10:20:44.511207-05:00,.StatusItems.management.declarations.configurations,eyJyZWFzb25zIjpbeyJkZXRhaWxzIjp7IklkZW50aWZpZXIiOiJjb20udG9tLnRlc3QiLCJTZXJ2ZXJUb2tlbiI6IjMzMjYyZmM1NzM0ODA0M2YifSwiZGVzY3JpcHRpb24iOiJDb25maWd1cmF0aW9uIOKAnGNvbS50b20udGVzdDozMzI2MmZjNTczNDgwNDNm4oCdIGlzIG5vdCByZWZlcmVuY2VkIGJ5IGFuIGFjdGl2YXRpb24uIiwiY29kZSI6IkluZm8uTm90UmVmZXJlbmNlZEJ5QWN0aXZhdGlvbiJ9XSwiYWN0aXZlIjpmYWxzZSwiaWRlbnRpZmllciI6ImNvbS50b20udGVzdCIsInZhbGlkIjoidW5rbm93biIsInNlcnZlci10b2tlbiI6IjMzMjYyZmM1NzM0ODA0M2YifQ==
2023-06-15T10:46:04.864705-05:00,.StatusItems.management.declarations.configurations,eyJyZWFzb25zIjpbeyJkZXRhaWxzIjp7IklkZW50aWZpZXIiOiJjb20udG9tLnRlc3QiLCJTZXJ2ZXJUb2tlbiI6IjMzMjYyZmM1NzM0ODA0M2YifSwiZGVzY3JpcHRpb24iOiJDb25maWd1cmF0aW9uIOKAnGNvbS50b20udGVzdDozMzI2MmZjNTczNDgwNDNm4oCdIGlzIG5vdCByZWZlcmVuY2VkIGJ5IGFuIGFjdGl2YXRpb24uIiwiY29kZSI6IkluZm8uTm90UmVmZXJlbmNlZEJ5QWN0aXZhdGlvbiJ9XSwiYWN0aXZlIjpmYWxzZSwiaWRlbnRpZmllciI6ImNvbS50b20udGVzdCIsInZhbGlkIjoidW5rbm93biIsInNlcnZlci10b2tlbiI6IjMzMjYyZmM1NzM0ODA0M2YifQ==
2023-06-15T10:46:04.864705-05:00,.StatusItems.management.declarations.configurations,eyJyZWFzb25zIjpbeyJkZXRhaWxzIjp7IklkZW50aWZpZXIiOiJ0b20uc29mdHdhcmUuZW5mb3JjZW1lbnRpLjE1LjAiLCJTZXJ2ZXJUb2tlbiI6ImY2YmE2N2IwMTZjNjgxNzMifSwiZGVzY3JpcHRpb24iOiJDb25maWd1cmF0aW9uIOKAnHRvbS5zb2Z0d2FyZS5lbmZvcmNlbWVudGkuMTUuMDpmNmJhNjdiMDE2YzY4MTcz4oCdIGlzIG5vdCByZWZlcmVuY2VkIGJ5IGFuIGFjdGl2YXRpb24uIiwiY29kZSI6IkluZm8uTm90UmVmZXJlbmNlZEJ5QWN0aXZhdGlvbiJ9XSwiYWN0aXZlIjpmYWxzZSwiaWRlbnRpZmllciI6InRvbS5zb2Z0d2FyZS5lbmZvcmNlbWVudGkuMTUuMCIsInZhbGlkIjoidW5rbm93biIsInNlcnZlci10b2tlbiI6ImY2YmE2N2IwMTZjNjgxNzMifQ==
2023-06-15T10:49:22.191103-05:00,.StatusItems.management.declarations.configurations,eyJyZWFzb25zIjpbeyJkZXRhaWxzIjp7IklkZW50aWZpZXIiOiJjb20udG9tLnRlc3QiLCJTZXJ2ZXJUb2tlbiI6IjMzMjYyZmM1NzM0ODA0M2YifSwiZGVzY3JpcHRpb24iOiJDb25maWd1cmF0aW9uIOKAnGNvbS50b20udGVzdDozMzI2MmZjNTczNDgwNDNm4oCdIGlzIG5vdCByZWZlcmVuY2VkIGJ5IGFuIGFjdGl2YXRpb24uIiwiY29kZSI6IkluZm8uTm90UmVmZXJlbmNlZEJ5QWN0aXZhdGlvbiJ9XSwiYWN0aXZlIjpmYWxzZSwiaWRlbnRpZmllciI6ImNvbS50b20udGVzdCIsInZhbGlkIjoidW5rbm93biIsInNlcnZlci10b2tlbiI6IjMzMjYyZmM1NzM0ODA0M2YifQ==
2023-06-15T10:52:43.789583-05:00,.StatusItems.management.declarations.configurations,eyJyZWFzb25zIjpbeyJkZXRhaWxzIjp7IklkZW50aWZpZXIiOiJjb20udG9tLnRlc3QiLCJTZXJ2ZXJUb2tlbiI6IjMzMjYyZmM1NzM0ODA0M2YifSwiZGVzY3JpcHRpb24iOiJDb25maWd1cmF0aW9uIOKAnGNvbS50b20udGVzdDozMzI2MmZjNTczNDgwNDNm4oCdIGlzIG5vdCByZWZlcmVuY2VkIGJ5IGFuIGFjdGl2YXRpb24uIiwiY29kZSI6IkluZm8uTm90UmVmZXJlbmNlZEJ5QWN0aXZhdGlvbiJ9XSwiYWN0aXZlIjpmYWxzZSwiaWRlbnRpZmllciI6ImNvbS50b20udGVzdCIsInZhbGlkIjoidW5rbm93biIsInNlcnZlci10b2tlbiI6IjMzMjYyZmM1NzM0ODA0M2YifQ==
2023-06-15T23:18:29.677495-05:00,.StatusItems.management.declarations.configurations,eyJyZWFzb25zIjpbeyJkZXRhaWxzIjp7IklkZW50aWZpZXIiOiJjb20udG9tLnRlc3QiLCJTZXJ2ZXJUb2tlbiI6IjMzMjYyZmM1NzM0ODA0M2YifSwiZGVzY3JpcHRpb24iOiJDb25maWd1cmF0aW9uIOKAnGNvbS50b20udGVzdDozMzI2MmZjNTczNDgwNDNm4oCdIGlzIG5vdCByZWZlcmVuY2VkIGJ5IGFuIGFjdGl2YXRpb24uIiwiY29kZSI6IkluZm8uTm90UmVmZXJlbmNlZEJ5QWN0aXZhdGlvbiJ9XSwiYWN0aXZlIjpmYWxzZSwiaWRlbnRpZmllciI6ImNvbS50b20udGVzdCIsInZhbGlkIjoidW5rbm93biIsInNlcnZlci10b2tlbiI6IjMzMjYyZmM1NzM0ODA0M2YifQ==
